"Página","Selector","Origen","ID","Descripción","Impacto","WCAG","Solución","Ayuda (URL)"
"https://www.suntransfers.com/es","body","sitemap","color-contrast","Ensure the contrast between foreground and background colors meets WCAG 2 AA minimum contrast ratio thresholds","serious","cat.color, wcag2aa, wcag143, TTv5, TT13.c, EN-301-549, EN-9.1.4.3, ACT, RGAAv4, RGAA-3.2.1","Elements must meet minimum color contrast ratio thresholds","https://dequeuniversity.com/rules/axe/4.11/color-contrast?application=axeAPI"
"https://www.suntransfers.com/es/about-us","body","sitemap","color-contrast","Ensure the contrast between foreground and background colors meets WCAG 2 AA minimum contrast ratio thresholds","serious","cat.color, wcag2aa, wcag143, TTv5, TT13.c, EN-301-549, EN-9.1.4.3, ACT, RGAAv4, RGAA-3.2.1","Elements must meet minimum color contrast ratio thresholds","https://dequeuniversity.com/rules/axe/4.11/color-contrast?application=axeAPI"
"https://www.suntransfers.com/es/aeropuerto-de-alicante","body","sitemap","color-contrast","Ensure the contrast between foreground and background colors meets WCAG 2 AA minimum contrast ratio thresholds","serious","cat.color, wcag2aa, wcag143, TTv5, TT13.c, EN-301-549, EN-9.1.4.3, ACT, RGAAv4, RGAA-3.2.1","Elements must meet minimum color contrast ratio thresholds","https://dequeuniversity.com/rules/axe/4.11/color-contrast?application=axeAPI"
"https://www.suntransfers.com/es/aeropuerto-de-alicante-a-albir","body","sitemap","color-contrast","Ensure the contrast between foreground and background colors meets WCAG 2 AA minimum contrast ratio thresholds","serious","cat.color, wcag2aa, wcag143, TTv5, TT13.c, EN-301-549, EN-9.1.4.3, ACT, RGAAv4, RGAA-3.2.1","Elements must meet minimum color contrast ratio thresholds","https://dequeuniversity.com/rules/axe/4.11/color-contrast?application=axeAPI"
"https://www.suntransfers.com/es/aeropuerto-de-alicante-a-alicante-ciudad-todas-las-zonas","body","sitemap","color-contrast","Ensure the contrast between foreground and background colors meets WCAG 2 AA minimum contrast ratio thresholds","serious","cat.color, wcag2aa, wcag143, TTv5, TT13.c, EN-301-549, EN-9.1.4.3, ACT, RGAAv4, RGAA-3.2.1","Elements must meet minimum color contrast ratio thresholds","https://dequeuniversity.com/rules/axe/4.11/color-contrast?application=axeAPI"
"https://www.suntransfers.com/es/aeropuerto-de-alicante-a-benidorm","body","sitemap","color-contrast","Ensure the contrast between foreground and background colors meets WCAG 2 AA minimum contrast ratio thresholds","serious","cat.color, wcag2aa, wcag143, TTv5, TT13.c, EN-301-549, EN-9.1.4.3, ACT, RGAAv4, RGAA-3.2.1","Elements must meet minimum color contrast ratio thresholds","https://dequeuniversity.com/rules/axe/4.11/color-contrast?application=axeAPI"
"https://www.suntransfers.com/es/aeropuerto-de-alicante-a-calpe","body","sitemap","color-contrast","Ensure the contrast between foreground and background colors meets WCAG 2 AA minimum contrast ratio thresholds","serious","cat.color, wcag2aa, wcag143, TTv5, TT13.c, EN-301-549, EN-9.1.4.3, ACT, RGAAv4, RGAA-3.2.1","Elements must meet minimum color contrast ratio thresholds","https://dequeuniversity.com/rules/axe/4.11/color-contrast?application=axeAPI"
"https://www.suntransfers.com/es/aeropuerto-de-alicante-a-el-campello","body","sitemap","color-contrast","Ensure the contrast between foreground and background colors meets WCAG 2 AA minimum contrast ratio thresholds","serious","cat.color, wcag2aa, wcag143, TTv5, TT13.c, EN-301-549, EN-9.1.4.3, ACT, RGAAv4, RGAA-3.2.1","Elements must meet minimum color contrast ratio thresholds","https://dequeuniversity.com/rules/axe/4.11/color-contrast?application=axeAPI"
"https://www.suntransfers.com/es/aeropuerto-de-alicante-a-torrevieja","body","sitemap","color-contrast","Ensure the contrast between foreground and background colors meets WCAG 2 AA minimum contrast ratio thresholds","serious","cat.color, wcag2aa, wcag143, TTv5, TT13.c, EN-301-549, EN-9.1.4.3, ACT, RGAAv4, RGAA-3.2.1","Elements must meet minimum color contrast ratio thresholds","https://dequeuniversity.com/rules/axe/4.11/color-contrast?application=axeAPI"
"https://www.suntransfers.com/es/aeropuerto-de-alicante/destinations","body","sitemap","color-contrast","Ensure the contrast between foreground and background colors meets WCAG 2 AA minimum contrast ratio thresholds","serious","cat.color, wcag2aa, wcag143, TTv5, TT13.c, EN-301-549, EN-9.1.4.3, ACT, RGAAv4, RGAA-3.2.1","Elements must meet minimum color contrast ratio thresholds","https://dequeuniversity.com/rules/axe/4.11/color-contrast?application=axeAPI"
"https://www.suntransfers.com/es/aeropuerto-de-antalya","body","sitemap","color-contrast","Ensure the contrast between foreground and background colors meets WCAG 2 AA minimum contrast ratio thresholds","serious","cat.color, wcag2aa, wcag143, TTv5, TT13.c, EN-301-549, EN-9.1.4.3, ACT, RGAAv4, RGAA-3.2.1","Elements must meet minimum color contrast ratio thresholds","https://dequeuniversity.com/rules/axe/4.11/color-contrast?application=axeAPI"
"https://www.suntransfers.com/es/aeropuerto-de-antalya-a-alanya","body","sitemap","color-contrast","Ensure the contrast between foreground and background colors meets WCAG 2 AA minimum contrast ratio thresholds","serious","cat.color, wcag2aa, wcag143, TTv5, TT13.c, EN-301-549, EN-9.1.4.3, ACT, RGAAv4, RGAA-3.2.1","Elements must meet minimum color contrast ratio thresholds","https://dequeuniversity.com/rules/axe/4.11/color-contrast?application=axeAPI"
"https://www.suntransfers.com/es/aeropuerto-de-antalya-a-belek","body","sitemap","color-contrast","Ensure the contrast between foreground and background colors meets WCAG 2 AA minimum contrast ratio thresholds","serious","cat.color, wcag2aa, wcag143, TTv5, TT13.c, EN-301-549, EN-9.1.4.3, ACT, RGAAv4, RGAA-3.2.1","Elements must meet minimum color contrast ratio thresholds","https://dequeuniversity.com/rules/axe/4.11/color-contrast?application=axeAPI"
"https://www.suntransfers.com/es/aeropuerto-de-antalya-a-kumkoy-side","body","sitemap","color-contrast","Ensure the contrast between foreground and background colors meets WCAG 2 AA minimum contrast ratio thresholds","serious","cat.color, wcag2aa, wcag143, TTv5, TT13.c, EN-301-549, EN-9.1.4.3, ACT, RGAAv4, RGAA-3.2.1","Elements must meet minimum color contrast ratio thresholds","https://dequeuniversity.com/rules/axe/4.11/color-contrast?application=axeAPI"
"https://www.suntransfers.com/es/aeropuerto-de-antalya-a-kundu","body","sitemap","color-contrast","Ensure the contrast between foreground and background colors meets WCAG 2 AA minimum contrast ratio thresholds","serious","cat.color, wcag2aa, wcag143, TTv5, TT13.c, EN-301-549, EN-9.1.4.3, ACT, RGAAv4, RGAA-3.2.1","Elements must meet minimum color contrast ratio thresholds","https://dequeuniversity.com/rules/axe/4.11/color-contrast?application=axeAPI"
"https://www.suntransfers.com/es/aeropuerto-de-antalya-a-lara","body","sitemap","color-contrast","Ensure the contrast between foreground and background colors meets WCAG 2 AA minimum contrast ratio thresholds","serious","cat.color, wcag2aa, wcag143, TTv5, TT13.c, EN-301-549, EN-9.1.4.3, ACT, RGAAv4, RGAA-3.2.1","Elements must meet minimum color contrast ratio thresholds","https://dequeuniversity.com/rules/axe/4.11/color-contrast?application=axeAPI"
"https://www.suntransfers.com/es/aeropuerto-de-antalya-a-side","body","sitemap","color-contrast","Ensure the contrast between foreground and background colors meets WCAG 2 AA minimum contrast ratio thresholds","serious","cat.color, wcag2aa, wcag143, TTv5, TT13.c, EN-301-549, EN-9.1.4.3, ACT, RGAAv4, RGAA-3.2.1","Elements must meet minimum color contrast ratio thresholds","https://dequeuniversity.com/rules/axe/4.11/color-contrast?application=axeAPI"
"https://www.suntransfers.com/es/aeropuerto-de-antalya/destinations","body","sitemap","color-contrast","Ensure the contrast between foreground and background colors meets WCAG 2 AA minimum contrast ratio thresholds","serious","cat.color, wcag2aa, wcag143, TTv5, TT13.c, EN-301-549, EN-9.1.4.3, ACT, RGAAv4, RGAA-3.2.1","Elements must meet minimum color contrast ratio thresholds","https://dequeuniversity.com/rules/axe/4.11/color-contrast?application=axeAPI"
"https://www.suntransfers.com/es/aeropuerto-de-barcelona","body","sitemap","color-contrast","Ensure the contrast between foreground and background colors meets WCAG 2 AA minimum contrast ratio thresholds","serious","cat.color, wcag2aa, wcag143, TTv5, TT13.c, EN-301-549, EN-9.1.4.3, ACT, RGAAv4, RGAA-3.2.1","Elements must meet minimum color contrast ratio thresholds","https://dequeuniversity.com/rules/axe/4.11/color-contrast?application=axeAPI"
"https://www.suntransfers.com/es/aeropuerto-de-barcelona-a-barcelona-ciudad-todas-las-areas","body","sitemap","color-contrast","Ensure the contrast between foreground and background colors meets WCAG 2 AA minimum contrast ratio thresholds","serious","cat.color, wcag2aa, wcag143, TTv5, TT13.c, EN-301-549, EN-9.1.4.3, ACT, RGAAv4, RGAA-3.2.1","Elements must meet minimum color contrast ratio thresholds","https://dequeuniversity.com/rules/axe/4.11/color-contrast?application=axeAPI"
"https://www.suntransfers.com/es/aeropuerto-de-barcelona-a-lloret-de-mar-city-centre","body","sitemap","color-contrast","Ensure the contrast between foreground and background colors meets WCAG 2 AA minimum contrast ratio thresholds","serious","cat.color, wcag2aa, wcag143, TTv5, TT13.c, EN-301-549, EN-9.1.4.3, ACT, RGAAv4, RGAA-3.2.1","Elements must meet minimum color contrast ratio thresholds","https://dequeuniversity.com/rules/axe/4.11/color-contrast?application=axeAPI"
"https://www.suntransfers.com/es/aeropuerto-de-barcelona-a-puerto-de-cruceros-de-barcelona-moll-de-barcelona","body","sitemap","color-contrast","Ensure the contrast between foreground and background colors meets WCAG 2 AA minimum contrast ratio thresholds","serious","cat.color, wcag2aa, wcag143, TTv5, TT13.c, EN-301-549, EN-9.1.4.3, ACT, RGAAv4, RGAA-3.2.1","Elements must meet minimum color contrast ratio thresholds","https://dequeuniversity.com/rules/axe/4.11/color-contrast?application=axeAPI"
"https://www.suntransfers.com/es/aeropuerto-de-barcelona-a-salou","body","sitemap","color-contrast","Ensure the contrast between foreground and background colors meets WCAG 2 AA minimum contrast ratio thresholds","serious","cat.color, wcag2aa, wcag143, TTv5, TT13.c, EN-301-549, EN-9.1.4.3, ACT, RGAAv4, RGAA-3.2.1","Elements must meet minimum color contrast ratio thresholds","https://dequeuniversity.com/rules/axe/4.11/color-contrast?application=axeAPI"
"https://www.suntransfers.com/es/aeropuerto-de-barcelona-a-santa-susanna","body","sitemap","color-contrast","Ensure the contrast between foreground and background colors meets WCAG 2 AA minimum contrast ratio thresholds","serious","cat.color, wcag2aa, wcag143, TTv5, TT13.c, EN-301-549, EN-9.1.4.3, ACT, RGAAv4, RGAA-3.2.1","Elements must meet minimum color contrast ratio thresholds","https://dequeuniversity.com/rules/axe/4.11/color-contrast?application=axeAPI"
"https://www.suntransfers.com/es/aeropuerto-de-barcelona-a-sitges","body","sitemap","color-contrast","Ensure the contrast between foreground and background colors meets WCAG 2 AA minimum contrast ratio thresholds","serious","cat.color, wcag2aa, wcag143, TTv5, TT13.c, EN-301-549, EN-9.1.4.3, ACT, RGAAv4, RGAA-3.2.1","Elements must meet minimum color contrast ratio thresholds","https://dequeuniversity.com/rules/axe/4.11/color-contrast?application=axeAPI"
"https://www.suntransfers.com/es/aeropuerto-de-barcelona/destinations","body","sitemap","color-contrast","Ensure the contrast between foreground and background colors meets WCAG 2 AA minimum contrast ratio thresholds","serious","cat.color, wcag2aa, wcag143, TTv5, TT13.c, EN-301-549, EN-9.1.4.3, ACT, RGAAv4, RGAA-3.2.1","Elements must meet minimum color contrast ratio thresholds","https://dequeuniversity.com/rules/axe/4.11/color-contrast?application=axeAPI"
"https://www.suntransfers.com/es/aeropuerto-de-cancun","body","sitemap","color-contrast","Ensure the contrast between foreground and background colors meets WCAG 2 AA minimum contrast ratio thresholds","serious","cat.color, wcag2aa, wcag143, TTv5, TT13.c, EN-301-549, EN-9.1.4.3, ACT, RGAAv4, RGAA-3.2.1","Elements must meet minimum color contrast ratio thresholds","https://dequeuniversity.com/rules/axe/4.11/color-contrast?application=axeAPI"
"https://www.suntransfers.com/es/aeropuerto-de-corfu","body","sitemap","color-contrast","Ensure the contrast between foreground and background colors meets WCAG 2 AA minimum contrast ratio thresholds","serious","cat.color, wcag2aa, wcag143, TTv5, TT13.c, EN-301-549, EN-9.1.4.3, ACT, RGAAv4, RGAA-3.2.1","Elements must meet minimum color contrast ratio thresholds","https://dequeuniversity.com/rules/axe/4.11/color-contrast?application=axeAPI"
"https://www.suntransfers.com/es/aeropuerto-de-creta-heraclion","body","sitemap","color-contrast","Ensure the contrast between foreground and background colors meets WCAG 2 AA minimum contrast ratio thresholds","serious","cat.color, wcag2aa, wcag143, TTv5, TT13.c, EN-301-549, EN-9.1.4.3, ACT, RGAAv4, RGAA-3.2.1","Elements must meet minimum color contrast ratio thresholds","https://dequeuniversity.com/rules/axe/4.11/color-contrast?application=axeAPI"
"https://www.suntransfers.com/es/aeropuerto-de-dalaman","body","sitemap","color-contrast","Ensure the contrast between foreground and background colors meets WCAG 2 AA minimum contrast ratio thresholds","serious","cat.color, wcag2aa, wcag143, TTv5, TT13.c, EN-301-549, EN-9.1.4.3, ACT, RGAAv4, RGAA-3.2.1","Elements must meet minimum color contrast ratio thresholds","https://dequeuniversity.com/rules/axe/4.11/color-contrast?application=axeAPI"
"https://www.suntransfers.com/es/aeropuerto-de-faro","body","sitemap","color-contrast","Ensure the contrast between foreground and background colors meets WCAG 2 AA minimum contrast ratio thresholds","serious","cat.color, wcag2aa, wcag143, TTv5, TT13.c, EN-301-549, EN-9.1.4.3, ACT, RGAAv4, RGAA-3.2.1","Elements must meet minimum color contrast ratio thresholds","https://dequeuniversity.com/rules/axe/4.11/color-contrast?application=axeAPI"
"https://www.suntransfers.com/es/aeropuerto-de-faro","body","sitemap","link-in-text-block","Ensure links are distinguished from surrounding text in a way that does not rely on color","serious","cat.color, wcag2a, wcag141, TTv5, TT13.a, EN-301-549, EN-9.1.4.1, RGAAv4, RGAA-10.6.1","Links must be distinguishable without relying on color","https://dequeuniversity.com/rules/axe/4.11/link-in-text-block?application=axeAPI"
"https://www.suntransfers.com/es/aeropuerto-de-faro-a-albufeira","body","sitemap","color-contrast","Ensure the contrast between foreground and background colors meets WCAG 2 AA minimum contrast ratio thresholds","serious","cat.color, wcag2aa, wcag143, TTv5, TT13.c, EN-301-549, EN-9.1.4.3, ACT, RGAAv4, RGAA-3.2.1","Elements must meet minimum color contrast ratio thresholds","https://dequeuniversity.com/rules/axe/4.11/color-contrast?application=axeAPI"
"https://www.suntransfers.com/es/aeropuerto-de-faro-a-alvor","body","sitemap","color-contrast","Ensure the contrast between foreground and background colors meets WCAG 2 AA minimum contrast ratio thresholds","serious","cat.color, wcag2aa, wcag143, TTv5, TT13.c, EN-301-549, EN-9.1.4.3, ACT, RGAAv4, RGAA-3.2.1","Elements must meet minimum color contrast ratio thresholds","https://dequeuniversity.com/rules/axe/4.11/color-contrast?application=axeAPI"
"https://www.suntransfers.com/es/aeropuerto-de-faro-a-carvoeiro","body","sitemap","color-contrast","Ensure the contrast between foreground and background colors meets WCAG 2 AA minimum contrast ratio thresholds","serious","cat.color, wcag2aa, wcag143, TTv5, TT13.c, EN-301-549, EN-9.1.4.3, ACT, RGAAv4, RGAA-3.2.1","Elements must meet minimum color contrast ratio thresholds","https://dequeuniversity.com/rules/axe/4.11/color-contrast?application=axeAPI"
"https://www.suntransfers.com/es/aeropuerto-de-faro-a-lagos","body","sitemap","color-contrast","Ensure the contrast between foreground and background colors meets WCAG 2 AA minimum contrast ratio thresholds","serious","cat.color, wcag2aa, wcag143, TTv5, TT13.c, EN-301-549, EN-9.1.4.3, ACT, RGAAv4, RGAA-3.2.1","Elements must meet minimum color contrast ratio thresholds","https://dequeuniversity.com/rules/axe/4.11/color-contrast?application=axeAPI"
"https://www.suntransfers.com/es/aeropuerto-de-faro-a-quarteira","body","sitemap","color-contrast","Ensure the contrast between foreground and background colors meets WCAG 2 AA minimum contrast ratio thresholds","serious","cat.color, wcag2aa, wcag143, TTv5, TT13.c, EN-301-549, EN-9.1.4.3, ACT, RGAAv4, RGAA-3.2.1","Elements must meet minimum color contrast ratio thresholds","https://dequeuniversity.com/rules/axe/4.11/color-contrast?application=axeAPI"
"https://www.suntransfers.com/es/aeropuerto-de-faro-a-vilamoura","body","sitemap","color-contrast","Ensure the contrast between foreground and background colors meets WCAG 2 AA minimum contrast ratio thresholds","serious","cat.color, wcag2aa, wcag143, TTv5, TT13.c, EN-301-549, EN-9.1.4.3, ACT, RGAAv4, RGAA-3.2.1","Elements must meet minimum color contrast ratio thresholds","https://dequeuniversity.com/rules/axe/4.11/color-contrast?application=axeAPI"
"https://www.suntransfers.com/es/aeropuerto-de-faro/destinations","body","sitemap","color-contrast","Ensure the contrast between foreground and background colors meets WCAG 2 AA minimum contrast ratio thresholds","serious","cat.color, wcag2aa, wcag143, TTv5, TT13.c, EN-301-549, EN-9.1.4.3, ACT, RGAAv4, RGAA-3.2.1","Elements must meet minimum color contrast ratio thresholds","https://dequeuniversity.com/rules/axe/4.11/color-contrast?application=axeAPI"
"https://www.suntransfers.com/es/aeropuerto-de-fuerteventura","body","sitemap","color-contrast","Ensure the contrast between foreground and background colors meets WCAG 2 AA minimum contrast ratio thresholds","serious","cat.color, wcag2aa, wcag143, TTv5, TT13.c, EN-301-549, EN-9.1.4.3, ACT, RGAAv4, RGAA-3.2.1","Elements must meet minimum color contrast ratio thresholds","https://dequeuniversity.com/rules/axe/4.11/color-contrast?application=axeAPI"
"https://www.suntransfers.com/es/aeropuerto-de-gerona","body","sitemap","color-contrast","Ensure the contrast between foreground and background colors meets WCAG 2 AA minimum contrast ratio thresholds","serious","cat.color, wcag2aa, wcag143, TTv5, TT13.c, EN-301-549, EN-9.1.4.3, ACT, RGAAv4, RGAA-3.2.1","Elements must meet minimum color contrast ratio thresholds","https://dequeuniversity.com/rules/axe/4.11/color-contrast?application=axeAPI"
"https://www.suntransfers.com/es/aeropuerto-de-gran-canaria","body","sitemap","color-contrast","Ensure the contrast between foreground and background colors meets WCAG 2 AA minimum contrast ratio thresholds","serious","cat.color, wcag2aa, wcag143, TTv5, TT13.c, EN-301-549, EN-9.1.4.3, ACT, RGAAv4, RGAA-3.2.1","Elements must meet minimum color contrast ratio thresholds","https://dequeuniversity.com/rules/axe/4.11/color-contrast?application=axeAPI"
"https://www.suntransfers.com/es/aeropuerto-de-gran-canaria","body","sitemap","link-in-text-block","Ensure links are distinguished from surrounding text in a way that does not rely on color","serious","cat.color, wcag2a, wcag141, TTv5, TT13.a, EN-301-549, EN-9.1.4.1, RGAAv4, RGAA-10.6.1","Links must be distinguishable without relying on color","https://dequeuniversity.com/rules/axe/4.11/link-in-text-block?application=axeAPI"
"https://www.suntransfers.com/es/aeropuerto-de-gran-canaria-a-costa-meloneras","body","sitemap","color-contrast","Ensure the contrast between foreground and background colors meets WCAG 2 AA minimum contrast ratio thresholds","serious","cat.color, wcag2aa, wcag143, TTv5, TT13.c, EN-301-549, EN-9.1.4.3, ACT, RGAAv4, RGAA-3.2.1","Elements must meet minimum color contrast ratio thresholds","https://dequeuniversity.com/rules/axe/4.11/color-contrast?application=axeAPI"
"https://www.suntransfers.com/es/aeropuerto-de-gran-canaria-a-las-palmas-de-gran-canaria","body","sitemap","color-contrast","Ensure the contrast between foreground and background colors meets WCAG 2 AA minimum contrast ratio thresholds","serious","cat.color, wcag2aa, wcag143, TTv5, TT13.c, EN-301-549, EN-9.1.4.3, ACT, RGAAv4, RGAA-3.2.1","Elements must meet minimum color contrast ratio thresholds","https://dequeuniversity.com/rules/axe/4.11/color-contrast?application=axeAPI"
"https://www.suntransfers.com/es/aeropuerto-de-gran-canaria-a-maspalomas","body","sitemap","color-contrast","Ensure the contrast between foreground and background colors meets WCAG 2 AA minimum contrast ratio thresholds","serious","cat.color, wcag2aa, wcag143, TTv5, TT13.c, EN-301-549, EN-9.1.4.3, ACT, RGAAv4, RGAA-3.2.1","Elements must meet minimum color contrast ratio thresholds","https://dequeuniversity.com/rules/axe/4.11/color-contrast?application=axeAPI"
"https://www.suntransfers.com/es/aeropuerto-de-gran-canaria-a-playa-ingles","body","sitemap","color-contrast","Ensure the contrast between foreground and background colors meets WCAG 2 AA minimum contrast ratio thresholds","serious","cat.color, wcag2aa, wcag143, TTv5, TT13.c, EN-301-549, EN-9.1.4.3, ACT, RGAAv4, RGAA-3.2.1","Elements must meet minimum color contrast ratio thresholds","https://dequeuniversity.com/rules/axe/4.11/color-contrast?application=axeAPI"
"https://www.suntransfers.com/es/aeropuerto-de-gran-canaria-a-puerto-de-mogan","body","sitemap","color-contrast","Ensure the contrast between foreground and background colors meets WCAG 2 AA minimum contrast ratio thresholds","serious","cat.color, wcag2aa, wcag143, TTv5, TT13.c, EN-301-549, EN-9.1.4.3, ACT, RGAAv4, RGAA-3.2.1","Elements must meet minimum color contrast ratio thresholds","https://dequeuniversity.com/rules/axe/4.11/color-contrast?application=axeAPI"
"https://www.suntransfers.com/es/aeropuerto-de-gran-canaria-a-puerto-rico","body","sitemap","color-contrast","Ensure the contrast between foreground and background colors meets WCAG 2 AA minimum contrast ratio thresholds","serious","cat.color, wcag2aa, wcag143, TTv5, TT13.c, EN-301-549, EN-9.1.4.3, ACT, RGAAv4, RGAA-3.2.1","Elements must meet minimum color contrast ratio thresholds","https://dequeuniversity.com/rules/axe/4.11/color-contrast?application=axeAPI"
"https://www.suntransfers.com/es/aeropuerto-de-gran-canaria/destinations","body","sitemap","color-contrast","Ensure the contrast between foreground and background colors meets WCAG 2 AA minimum contrast ratio thresholds","serious","cat.color, wcag2aa, wcag143, TTv5, TT13.c, EN-301-549, EN-9.1.4.3, ACT, RGAAv4, RGAA-3.2.1","Elements must meet minimum color contrast ratio thresholds","https://dequeuniversity.com/rules/axe/4.11/color-contrast?application=axeAPI"
"https://www.suntransfers.com/es/aeropuerto-de-hurghada","body","sitemap","color-contrast","Ensure the contrast between foreground and background colors meets WCAG 2 AA minimum contrast ratio thresholds","serious","cat.color, wcag2aa, wcag143, TTv5, TT13.c, EN-301-549, EN-9.1.4.3, ACT, RGAAv4, RGAA-3.2.1","Elements must meet minimum color contrast ratio thresholds","https://dequeuniversity.com/rules/axe/4.11/color-contrast?application=axeAPI"
"https://www.suntransfers.com/es/aeropuerto-de-hurghada-a-el-gouna","body","sitemap","color-contrast","Ensure the contrast between foreground and background colors meets WCAG 2 AA minimum contrast ratio thresholds","serious","cat.color, wcag2aa, wcag143, TTv5, TT13.c, EN-301-549, EN-9.1.4.3, ACT, RGAAv4, RGAA-3.2.1","Elements must meet minimum color contrast ratio thresholds","https://dequeuniversity.com/rules/axe/4.11/color-contrast?application=axeAPI"
"https://www.suntransfers.com/es/aeropuerto-de-hurghada-a-festival-riviera-hurghada","body","sitemap","color-contrast","Ensure the contrast between foreground and background colors meets WCAG 2 AA minimum contrast ratio thresholds","serious","cat.color, wcag2aa, wcag143, TTv5, TT13.c, EN-301-549, EN-9.1.4.3, ACT, RGAAv4, RGAA-3.2.1","Elements must meet minimum color contrast ratio thresholds","https://dequeuniversity.com/rules/axe/4.11/color-contrast?application=axeAPI"
"https://www.suntransfers.com/es/aeropuerto-de-hurghada-a-hurghada","body","sitemap","color-contrast","Ensure the contrast between foreground and background colors meets WCAG 2 AA minimum contrast ratio thresholds","serious","cat.color, wcag2aa, wcag143, TTv5, TT13.c, EN-301-549, EN-9.1.4.3, ACT, RGAAv4, RGAA-3.2.1","Elements must meet minimum color contrast ratio thresholds","https://dequeuniversity.com/rules/axe/4.11/color-contrast?application=axeAPI"
"https://www.suntransfers.com/es/aeropuerto-de-hurghada-a-makadi-bay","body","sitemap","color-contrast","Ensure the contrast between foreground and background colors meets WCAG 2 AA minimum contrast ratio thresholds","serious","cat.color, wcag2aa, wcag143, TTv5, TT13.c, EN-301-549, EN-9.1.4.3, ACT, RGAAv4, RGAA-3.2.1","Elements must meet minimum color contrast ratio thresholds","https://dequeuniversity.com/rules/axe/4.11/color-contrast?application=axeAPI"
"https://www.suntransfers.com/es/aeropuerto-de-hurghada-a-sahl-hasheesh","body","sitemap","color-contrast","Ensure the contrast between foreground and background colors meets WCAG 2 AA minimum contrast ratio thresholds","serious","cat.color, wcag2aa, wcag143, TTv5, TT13.c, EN-301-549, EN-9.1.4.3, ACT, RGAAv4, RGAA-3.2.1","Elements must meet minimum color contrast ratio thresholds","https://dequeuniversity.com/rules/axe/4.11/color-contrast?application=axeAPI"
"https://www.suntransfers.com/es/aeropuerto-de-hurghada-a-soma-bay","body","sitemap","color-contrast","Ensure the contrast between foreground and background colors meets WCAG 2 AA minimum contrast ratio thresholds","serious","cat.color, wcag2aa, wcag143, TTv5, TT13.c, EN-301-549, EN-9.1.4.3, ACT, RGAAv4, RGAA-3.2.1","Elements must meet minimum color contrast ratio thresholds","https://dequeuniversity.com/rules/axe/4.11/color-contrast?application=axeAPI"
"https://www.suntransfers.com/es/aeropuerto-de-hurghada/destinations","body","sitemap","color-contrast","Ensure the contrast between foreground and background colors meets WCAG 2 AA minimum contrast ratio thresholds","serious","cat.color, wcag2aa, wcag143, TTv5, TT13.c, EN-301-549, EN-9.1.4.3, ACT, RGAAv4, RGAA-3.2.1","Elements must meet minimum color contrast ratio thresholds","https://dequeuniversity.com/rules/axe/4.11/color-contrast?application=axeAPI"
"https://www.suntransfers.com/es/aeropuerto-de-lanzarote","body","sitemap","color-contrast","Ensure the contrast between foreground and background colors meets WCAG 2 AA minimum contrast ratio thresholds","serious","cat.color, wcag2aa, wcag143, TTv5, TT13.c, EN-301-549, EN-9.1.4.3, ACT, RGAAv4, RGAA-3.2.1","Elements must meet minimum color contrast ratio thresholds","https://dequeuniversity.com/rules/axe/4.11/color-contrast?application=axeAPI"
"https://www.suntransfers.com/es/aeropuerto-de-lisboa","body","sitemap","color-contrast","Ensure the contrast between foreground and background colors meets WCAG 2 AA minimum contrast ratio thresholds","serious","cat.color, wcag2aa, wcag143, TTv5, TT13.c, EN-301-549, EN-9.1.4.3, ACT, RGAAv4, RGAA-3.2.1","Elements must meet minimum color contrast ratio thresholds","https://dequeuniversity.com/rules/axe/4.11/color-contrast?application=axeAPI"
"https://www.suntransfers.com/es/aeropuerto-de-madeira","body","sitemap","color-contrast","Ensure the contrast between foreground and background colors meets WCAG 2 AA minimum contrast ratio thresholds","serious","cat.color, wcag2aa, wcag143, TTv5, TT13.c, EN-301-549, EN-9.1.4.3, ACT, RGAAv4, RGAA-3.2.1","Elements must meet minimum color contrast ratio thresholds","https://dequeuniversity.com/rules/axe/4.11/color-contrast?application=axeAPI"
"https://www.suntransfers.com/es/aeropuerto-de-madeira","body","sitemap","link-in-text-block","Ensure links are distinguished from surrounding text in a way that does not rely on color","serious","cat.color, wcag2a, wcag141, TTv5, TT13.a, EN-301-549, EN-9.1.4.1, RGAAv4, RGAA-10.6.1","Links must be distinguishable without relying on color","https://dequeuniversity.com/rules/axe/4.11/link-in-text-block?application=axeAPI"
"https://www.suntransfers.com/es/aeropuerto-de-madrid","body","sitemap","color-contrast","Ensure the contrast between foreground and background colors meets WCAG 2 AA minimum contrast ratio thresholds","serious","cat.color, wcag2aa, wcag143, TTv5, TT13.c, EN-301-549, EN-9.1.4.3, ACT, RGAAv4, RGAA-3.2.1","Elements must meet minimum color contrast ratio thresholds","https://dequeuniversity.com/rules/axe/4.11/color-contrast?application=axeAPI"
"https://www.suntransfers.com/es/aeropuerto-de-malaga","body","sitemap","color-contrast","Ensure the contrast between foreground and background colors meets WCAG 2 AA minimum contrast ratio thresholds","serious","cat.color, wcag2aa, wcag143, TTv5, TT13.c, EN-301-549, EN-9.1.4.3, ACT, RGAAv4, RGAA-3.2.1","Elements must meet minimum color contrast ratio thresholds","https://dequeuniversity.com/rules/axe/4.11/color-contrast?application=axeAPI"
"https://www.suntransfers.com/es/aeropuerto-de-mallorca","body","sitemap","color-contrast","Ensure the contrast between foreground and background colors meets WCAG 2 AA minimum contrast ratio thresholds","serious","cat.color, wcag2aa, wcag143, TTv5, TT13.c, EN-301-549, EN-9.1.4.3, ACT, RGAAv4, RGAA-3.2.1","Elements must meet minimum color contrast ratio thresholds","https://dequeuniversity.com/rules/axe/4.11/color-contrast?application=axeAPI"
"https://www.suntransfers.com/es/aeropuerto-de-malta","body","sitemap","color-contrast","Ensure the contrast between foreground and background colors meets WCAG 2 AA minimum contrast ratio thresholds","serious","cat.color, wcag2aa, wcag143, TTv5, TT13.c, EN-301-549, EN-9.1.4.3, ACT, RGAAv4, RGAA-3.2.1","Elements must meet minimum color contrast ratio thresholds","https://dequeuniversity.com/rules/axe/4.11/color-contrast?application=axeAPI"
"https://www.suntransfers.com/es/aeropuerto-de-malta","body","sitemap","link-in-text-block","Ensure links are distinguished from surrounding text in a way that does not rely on color","serious","cat.color, wcag2a, wcag141, TTv5, TT13.a, EN-301-549, EN-9.1.4.1, RGAAv4, RGAA-10.6.1","Links must be distinguishable without relying on color","https://dequeuniversity.com/rules/axe/4.11/link-in-text-block?application=axeAPI"
"https://www.suntransfers.com/es/aeropuerto-de-marrakech","body","sitemap","color-contrast","Ensure the contrast between foreground and background colors meets WCAG 2 AA minimum contrast ratio thresholds","serious","cat.color, wcag2aa, wcag143, TTv5, TT13.c, EN-301-549, EN-9.1.4.3, ACT, RGAAv4, RGAA-3.2.1","Elements must meet minimum color contrast ratio thresholds","https://dequeuniversity.com/rules/axe/4.11/color-contrast?application=axeAPI"
"https://www.suntransfers.com/es/aeropuerto-de-marrakech","body","sitemap","link-in-text-block","Ensure links are distinguished from surrounding text in a way that does not rely on color","serious","cat.color, wcag2a, wcag141, TTv5, TT13.a, EN-301-549, EN-9.1.4.1, RGAAv4, RGAA-10.6.1","Links must be distinguishable without relying on color","https://dequeuniversity.com/rules/axe/4.11/link-in-text-block?application=axeAPI"
"https://www.suntransfers.com/es/aeropuerto-de-niza","body","sitemap","color-contrast","Ensure the contrast between foreground and background colors meets WCAG 2 AA minimum contrast ratio thresholds","serious","cat.color, wcag2aa, wcag143, TTv5, TT13.c, EN-301-549, EN-9.1.4.3, ACT, RGAAv4, RGAA-3.2.1","Elements must meet minimum color contrast ratio thresholds","https://dequeuniversity.com/rules/axe/4.11/color-contrast?application=axeAPI"
"https://www.suntransfers.com/es/aeropuerto-de-pafos","body","sitemap","color-contrast","Ensure the contrast between foreground and background colors meets WCAG 2 AA minimum contrast ratio thresholds","serious","cat.color, wcag2aa, wcag143, TTv5, TT13.c, EN-301-549, EN-9.1.4.3, ACT, RGAAv4, RGAA-3.2.1","Elements must meet minimum color contrast ratio thresholds","https://dequeuniversity.com/rules/axe/4.11/color-contrast?application=axeAPI"
"https://www.suntransfers.com/es/aeropuerto-de-paris-charles-de-gaulle","body","sitemap","color-contrast","Ensure the contrast between foreground and background colors meets WCAG 2 AA minimum contrast ratio thresholds","serious","cat.color, wcag2aa, wcag143, TTv5, TT13.c, EN-301-549, EN-9.1.4.3, ACT, RGAAv4, RGAA-3.2.1","Elements must meet minimum color contrast ratio thresholds","https://dequeuniversity.com/rules/axe/4.11/color-contrast?application=axeAPI"
"https://www.suntransfers.com/es/aeropuerto-de-paris-charles-de-gaulle","body","sitemap","link-in-text-block","Ensure links are distinguished from surrounding text in a way that does not rely on color","serious","cat.color, wcag2a, wcag141, TTv5, TT13.a, EN-301-549, EN-9.1.4.1, RGAAv4, RGAA-10.6.1","Links must be distinguishable without relying on color","https://dequeuniversity.com/rules/axe/4.11/link-in-text-block?application=axeAPI"
"https://www.suntransfers.com/es/aeropuerto-de-punta-cana","body","sitemap","color-contrast","Ensure the contrast between foreground and background colors meets WCAG 2 AA minimum contrast ratio thresholds","serious","cat.color, wcag2aa, wcag143, TTv5, TT13.c, EN-301-549, EN-9.1.4.3, ACT, RGAAv4, RGAA-3.2.1","Elements must meet minimum color contrast ratio thresholds","https://dequeuniversity.com/rules/axe/4.11/color-contrast?application=axeAPI"
"https://www.suntransfers.com/es/aeropuerto-de-rodas","body","sitemap","color-contrast","Ensure the contrast between foreground and background colors meets WCAG 2 AA minimum contrast ratio thresholds","serious","cat.color, wcag2aa, wcag143, TTv5, TT13.c, EN-301-549, EN-9.1.4.3, ACT, RGAAv4, RGAA-3.2.1","Elements must meet minimum color contrast ratio thresholds","https://dequeuniversity.com/rules/axe/4.11/color-contrast?application=axeAPI"
"https://www.suntransfers.com/es/aeropuerto-de-roma-fiumicino","body","sitemap","color-contrast","Ensure the contrast between foreground and background colors meets WCAG 2 AA minimum contrast ratio thresholds","serious","cat.color, wcag2aa, wcag143, TTv5, TT13.c, EN-301-549, EN-9.1.4.3, ACT, RGAAv4, RGAA-3.2.1","Elements must meet minimum color contrast ratio thresholds","https://dequeuniversity.com/rules/axe/4.11/color-contrast?application=axeAPI"
"https://www.suntransfers.com/es/aeropuerto-de-roma-fiumicino","body","sitemap","link-in-text-block","Ensure links are distinguished from surrounding text in a way that does not rely on color","serious","cat.color, wcag2a, wcag141, TTv5, TT13.a, EN-301-549, EN-9.1.4.1, RGAAv4, RGAA-10.6.1","Links must be distinguishable without relying on color","https://dequeuniversity.com/rules/axe/4.11/link-in-text-block?application=axeAPI"
"https://www.suntransfers.com/es/aeropuerto-de-sharm-el-sheij","body","sitemap","color-contrast","Ensure the contrast between foreground and background colors meets WCAG 2 AA minimum contrast ratio thresholds","serious","cat.color, wcag2aa, wcag143, TTv5, TT13.c, EN-301-549, EN-9.1.4.3, ACT, RGAAv4, RGAA-3.2.1","Elements must meet minimum color contrast ratio thresholds","https://dequeuniversity.com/rules/axe/4.11/color-contrast?application=axeAPI"
"https://www.suntransfers.com/es/aeropuerto-de-tenerife-sur","body","sitemap","color-contrast","Ensure the contrast between foreground and background colors meets WCAG 2 AA minimum contrast ratio thresholds","serious","cat.color, wcag2aa, wcag143, TTv5, TT13.c, EN-301-549, EN-9.1.4.3, ACT, RGAAv4, RGAA-3.2.1","Elements must meet minimum color contrast ratio thresholds","https://dequeuniversity.com/rules/axe/4.11/color-contrast?application=axeAPI"
"https://www.suntransfers.com/es/aeropuerto-de-tenerife-sur","body","sitemap","link-in-text-block","Ensure links are distinguished from surrounding text in a way that does not rely on color","serious","cat.color, wcag2a, wcag141, TTv5, TT13.a, EN-301-549, EN-9.1.4.1, RGAAv4, RGAA-10.6.1","Links must be distinguishable without relying on color","https://dequeuniversity.com/rules/axe/4.11/link-in-text-block?application=axeAPI"
"https://www.suntransfers.com/es/affiliate-program","body","sitemap","color-contrast","Ensure the contrast between foreground and background colors meets WCAG 2 AA minimum contrast ratio thresholds","serious","cat.color, wcag2aa, wcag143, TTv5, TT13.c, EN-301-549, EN-9.1.4.3, ACT, RGAAv4, RGAA-3.2.1","Elements must meet minimum color contrast ratio thresholds","https://dequeuniversity.com/rules/axe/4.11/color-contrast?application=axeAPI"
"https://www.suntransfers.com/es/affiliate-program","body","sitemap","link-in-text-block","Ensure links are distinguished from surrounding text in a way that does not rely on color","serious","cat.color, wcag2a, wcag141, TTv5, TT13.a, EN-301-549, EN-9.1.4.1, RGAAv4, RGAA-10.6.1","Links must be distinguishable without relying on color","https://dequeuniversity.com/rules/axe/4.11/link-in-text-block?application=axeAPI"
"https://www.suntransfers.com/es/agencies","body","sitemap","color-contrast","Ensure the contrast between foreground and background colors meets WCAG 2 AA minimum contrast ratio thresholds","serious","cat.color, wcag2aa, wcag143, TTv5, TT13.c, EN-301-549, EN-9.1.4.3, ACT, RGAAv4, RGAA-3.2.1","Elements must meet minimum color contrast ratio thresholds","https://dequeuniversity.com/rules/axe/4.11/color-contrast?application=axeAPI"
"https://www.suntransfers.com/es/agencies","body","sitemap","image-alt","Ensure <img> elements have alternative text or a role of none or presentation","critical","cat.text-alternatives, wcag2a, wcag111, section508, section508.22.a, TTv5, TT7.a, TT7.b, EN-301-549, EN-9.1.1.1, ACT, RGAAv4, RGAA-1.1.1","Images must have alternative text","https://dequeuniversity.com/rules/axe/4.11/image-alt?application=axeAPI"
"https://www.suntransfers.com/es/agencies","body","sitemap","link-name","Ensure links have discernible text","serious","cat.name-role-value, wcag2a, wcag244, wcag412, section508, section508.22.a, TTv5, TT6.a, EN-301-549, EN-9.2.4.4, EN-9.4.1.2, ACT, RGAAv4, RGAA-6.2.1","Links must have discernible text","https://dequeuniversity.com/rules/axe/4.11/link-name?application=axeAPI"
"https://www.suntransfers.com/es/airports-stations-and-ports","body","sitemap","color-contrast","Ensure the contrast between foreground and background colors meets WCAG 2 AA minimum contrast ratio thresholds","serious","cat.color, wcag2aa, wcag143, TTv5, TT13.c, EN-301-549, EN-9.1.4.3, ACT, RGAAv4, RGAA-3.2.1","Elements must meet minimum color contrast ratio thresholds","https://dequeuniversity.com/rules/axe/4.11/color-contrast?application=axeAPI"
"https://www.suntransfers.com/es/contact-us","body","sitemap","color-contrast","Ensure the contrast between foreground and background colors meets WCAG 2 AA minimum contrast ratio thresholds","serious","cat.color, wcag2aa, wcag143, TTv5, TT13.c, EN-301-549, EN-9.1.4.3, ACT, RGAAv4, RGAA-3.2.1","Elements must meet minimum color contrast ratio thresholds","https://dequeuniversity.com/rules/axe/4.11/color-contrast?application=axeAPI"
"https://www.suntransfers.com/es/contact-us","body","sitemap","link-name","Ensure links have discernible text","serious","cat.name-role-value, wcag2a, wcag244, wcag412, section508, section508.22.a, TTv5, TT6.a, EN-301-549, EN-9.2.4.4, EN-9.4.1.2, ACT, RGAAv4, RGAA-6.2.1","Links must have discernible text","https://dequeuniversity.com/rules/axe/4.11/link-name?application=axeAPI"
"https://www.suntransfers.com/es/help","body","sitemap","color-contrast","Ensure the contrast between foreground and background colors meets WCAG 2 AA minimum contrast ratio thresholds","serious","cat.color, wcag2aa, wcag143, TTv5, TT13.c, EN-301-549, EN-9.1.4.3, ACT, RGAAv4, RGAA-3.2.1","Elements must meet minimum color contrast ratio thresholds","https://dequeuniversity.com/rules/axe/4.11/color-contrast?application=axeAPI"
"https://www.suntransfers.com/es/help","body","sitemap","link-in-text-block","Ensure links are distinguished from surrounding text in a way that does not rely on color","serious","cat.color, wcag2a, wcag141, TTv5, TT13.a, EN-301-549, EN-9.1.4.1, RGAAv4, RGAA-10.6.1","Links must be distinguishable without relying on color","https://dequeuniversity.com/rules/axe/4.11/link-in-text-block?application=axeAPI"
"https://www.suntransfers.com/es/help","body","sitemap","link-name","Ensure links have discernible text","serious","cat.name-role-value, wcag2a, wcag244, wcag412, section508, section508.22.a, TTv5, TT6.a, EN-301-549, EN-9.2.4.4, EN-9.4.1.2, ACT, RGAAv4, RGAA-6.2.1","Links must have discernible text","https://dequeuniversity.com/rules/axe/4.11/link-name?application=axeAPI"
"https://www.suntransfers.com/es/help","body","sitemap","meta-viewport","Ensure <meta name=""viewport""> does not disable text scaling and zooming","moderate","cat.sensory-and-visual-cues, wcag2aa, wcag144, EN-301-549, EN-9.1.4.4, ACT, RGAAv4, RGAA-10.4.2","Zooming and scaling must not be disabled","https://dequeuniversity.com/rules/axe/4.11/meta-viewport?application=axeAPI"
"https://www.suntransfers.com/es/reviews","body","sitemap","color-contrast","Ensure the contrast between foreground and background colors meets WCAG 2 AA minimum contrast ratio thresholds","serious","cat.color, wcag2aa, wcag143, TTv5, TT13.c, EN-301-549, EN-9.1.4.3, ACT, RGAAv4, RGAA-3.2.1","Elements must meet minimum color contrast ratio thresholds","https://dequeuniversity.com/rules/axe/4.11/color-contrast?application=axeAPI"
"https://www.suntransfers.com/es/ski-transfers","body","sitemap","color-contrast","Ensure the contrast between foreground and background colors meets WCAG 2 AA minimum contrast ratio thresholds","serious","cat.color, wcag2aa, wcag143, TTv5, TT13.c, EN-301-549, EN-9.1.4.3, ACT, RGAAv4, RGAA-3.2.1","Elements must meet minimum color contrast ratio thresholds","https://dequeuniversity.com/rules/axe/4.11/color-contrast?application=axeAPI"
"https://www.suntransfers.com/es/ski-transfers","body","sitemap","image-alt","Ensure <img> elements have alternative text or a role of none or presentation","critical","cat.text-alternatives, wcag2a, wcag111, section508, section508.22.a, TTv5, TT7.a, TT7.b, EN-301-549, EN-9.1.1.1, ACT, RGAAv4, RGAA-1.1.1","Images must have alternative text","https://dequeuniversity.com/rules/axe/4.11/image-alt?application=axeAPI"
"https://www.suntransfers.com/es/terms-and-conditions","body","sitemap","color-contrast","Ensure the contrast between foreground and background colors meets WCAG 2 AA minimum contrast ratio thresholds","serious","cat.color, wcag2aa, wcag143, TTv5, TT13.c, EN-301-549, EN-9.1.4.3, ACT, RGAAv4, RGAA-3.2.1","Elements must meet minimum color contrast ratio thresholds","https://dequeuniversity.com/rules/axe/4.11/color-contrast?application=axeAPI"